DNI,Nombre,Apellido,edad,gender,Perdida de conciencia,Respira,Movilidad Reducida,Dolor
338666495,Jens,Twelves,63,M,False,True,False,False
116755853,Lesli,Reijmers,13,F,False,True,False,False
986168117,Debera,Thoresby,56,F,False,True,False,False
747864891,Eugine,Heales,48,F,False,True,False,False
071527127,Gussy,Life,77,F,False,True,False,False
297900379,Jard,Traill,41,M,False,True,False,False
879333389,Hakim,Bayfield,41,M,False,True,False,False
524541385,Meir,Braddock,16,M,False,True,False,True
588203247,Nissy,Vamplew,88,F,False,True,False,False
403739172,Giulia,Antonias,24,F,False,True,False,False
459362493,Alley,Pagden,15,M,False,True,False,False
090909159,Darryl,Habard,51,M,False,False,False,False
980627388,Patrizia,Yackiminie,89,F,False,True,False,False
704621131,Hildagard,Chaperlin,88,F,False,True,False,False
626036706,Correy,Jephcote,67,F,False,True,False,False
799498647,Yard,Gasnoll,6,M,False,True,False,False
292555366,Stanton,Cornock,33,M,False,True,False,False
436779605,Zelig,Staddon,37,M,False,True,False,False
910801160,Any,Gambles,42,M,False,True,False,False
114051765,Ky,Surmeyer,19,M,True,True,False,False
818101014,Nap,Jerwood,92,M,False,True,False,False
954651402,Whittaker,Durrell,72,M,False,True,False,False
546745022,Leroy,Simcock,51,M,False,True,False,False
510813544,Valeda,Bambridge,31,F,False,True,False,False
187627261,Eba,Bruntje,25,F,False,True,False,False
143757747,Mireille,Hairon,11,F,False,True,False,False
536519670,Nicola,McShirie,35,M,False,True,True,False
571836546,Annora,Yockney,87,F,False,True,False,False
272834202,Rudy,Pougher,45,M,False,True,False,True
205729477,El,Ausher,5,M,False,True,False,False
706544984,Urbanus,Burdikin,85,M,False,True,False,False
808006858,Berty,Chieco,39,F,False,True,False,False
713181635,Milzie,Giovannoni,12,F,True,True,False,False
702935086,Lynda,Bewsy,56,F,False,True,False,False
043492948,Whitaker,Banger,71,M,False,True,False,False
281066138,Rickie,Ollin,71,M,False,True,False,False
791275032,Cordie,Bomb,27,F,False,True,False,False
711924953,Cris,Shearmer,35,F,True,True,False,True
892856323,Vincenty,Ramm,14,M,False,True,False,True
738960034,Elissa,Manger,42,F,False,True,False,False
329700720,Paulita,Iannitti,14,F,False,True,False,False
331991523,Marcille,Wreath,62,F,False,True,False,False
524551572,Lia,Bodycomb,98,F,True,False,False,False
092535785,Gale,Hollow,48,M,False,False,False,False
139294663,Cassandry,Cubberley,3,F,False,True,False,True
595921915,Janean,Truman,19,F,False,True,False,False
655730585,Laetitia,Haydn,57,F,False,True,True,False
439433448,Arv,Dysart,45,M,False,True,False,False
230891507,Harvey,Easum,1,M,False,True,False,False
414977553,Dewitt,Spensly,99,M,False,True,False,False
540668014,Lenard,Castiblanco,21,M,False,True,False,False
715434598,Jereme,Pinck,52,M,False,True,False,True
535090966,Netta,Aldus,82,F,False,True,False,False
818456399,Else,Schuricke,57,F,False,True,False,False
024156110,Joete,De Gogay,78,F,True,True,False,True
376615964,Rey,Keir,9,M,False,True,False,True
843758843,Tadeo,Bilam,42,M,False,True,False,False
871025769,Giorgio,Welbourn,64,M,False,True,False,True
311527839,Neddie,Dwelling,68,M,False,True,False,False
405679799,Mar,Vandrill,31,M,False,False,False,True
383882479,Valaree,Asbrey,95,F,False,True,False,False
223383001,Elsinore,Ebertz,99,F,False,True,False,False
968298241,Clayson,Speake,59,M,False,True,True,False
106703906,Tamiko,Bugg,40,F,False,True,True,False
568367253,Dillon,Danslow,64,M,False,True,False,False
408241662,Theodosia,Harley,3,F,False,True,False,False
851137714,Gaile,Firminger,5,M,False,True,False,False
386011614,Andrus,Maiklem,44,M,False,True,False,False
516009818,Gabrila,Montrose,4,F,True,True,False,False
948446992,Spenser,Jochens,74,M,False,True,False,False
848077586,Ignaz,Hedges,1,M,False,True,False,False
866110478,Hubey,Itzik,24,M,False,True,False,False
945619538,Bondon,Aldhous,6,M,False,True,False,False
383323952,Finlay,Brosch,68,M,False,True,False,False
326128918,Zackariah,Kidman,48,M,False,False,False,False
414211136,Gray,Stuckey,79,F,False,True,False,False
586300979,Julee,Britto,92,F,False,True,True,False
225107049,Erroll,Lane,11,M,False,True,False,False
126818177,Baron,Eynaud,100,M,False,True,False,False
480952149,Pegeen,Huccaby,97,F,False,True,False,True
639423376,Jodie,Bonnick,39,M,False,True,False,False
688318766,Prince,Spurrior,4,M,False,True,False,False
681076049,Myrtle,Pendergast,66,F,False,True,False,True
894013390,Sigvard,Etchell,70,M,False,True,False,False
411361887,Doralynn,McElory,79,F,False,True,False,False
117995089,Kenna,Siegertsz,37,F,False,True,False,False
460577264,Kermy,Brislen,16,M,True,True,False,False
603901157,Brinn,Kale,59,F,False,True,False,False
811809807,Isabella,Crotty,44,F,False,True,False,True
776341985,Orton,ducarme,75,M,False,True,False,False
255746840,Dedie,Baum,2,F,False,True,False,False
069439762,Teodoor,Chapellow,55,M,False,True,False,True
958971490,Kipper,Dron,96,M,True,True,False,False
166035207,Tildy,Tidswell,44,F,False,True,False,False
830328575,Felita,Liley,47,F,False,True,False,True
283190997,Damara,Erdis,45,F,False,True,False,False
001720883,Risa,Breydin,13,F,False,True,False,False
046595177,Ethelind,Mineghelli,79,F,False,True,False,False
557616638,Virgie,Shufflebotham,44,F,False,True,False,False
084225096,Codie,Vidyapin,85,F,False,True,False,False
533994820,Cristabel,Annett,30,F,False,True,False,False
882887716,Roth,Jakubowsky,74,M,True,True,True,False
395879873,Mela,Westnage,71,F,False,True,False,False
741677043,Vida,de Marco,46,F,False,True,False,False
365790134,Virge,Claasen,42,M,False,True,False,False
155131796,Gloria,Dysart,85,F,False,True,False,False
168972370,Markos,Bassilashvili,17,M,False,True,False,False
126011270,Betta,Pignon,1,F,False,True,False,False
608343226,Schuyler,Ayre,57,M,False,True,True,False
833252450,Linc,Chantillon,1,M,False,True,False,False
461290176,Lorin,Shyres,87,M,False,True,False,True
741657465,Delcina,Jindracek,30,F,False,True,False,False
377832449,Noel,Longstreet,52,F,False,True,True,True
035884240,Micheil,Kobsch,39,M,True,True,False,False
010476562,Preston,Hindhaugh,68,M,False,True,False,False
523156457,Mimi,Hubert,74,F,False,True,True,False
219201373,Xenia,Whitford,26,F,False,True,False,False
617727181,Asher,Scardifeild,72,M,False,True,False,True
834978468,Shayne,Woltering,83,F,False,True,False,False
151836174,Niki,Mathewson,48,M,False,True,False,False
425533488,Huntington,Martinyuk,77,M,False,True,False,False
921549582,Thorny,Ackred,99,M,False,True,False,False
792292118,Stefanie,Gross,66,F,False,True,False,False
070789646,Dunn,Iley,62,M,False,True,False,False
905558501,Michel,Minthorpe,86,M,False,True,False,False
986815241,Noel,Jenkin,30,M,False,True,False,False
833318797,Oralia,De La Hay,24,F,True,True,False,False
948457733,Kendra,Dell Casa,34,F,False,True,False,False
658307544,Emmanuel,Billany,31,M,False,True,False,False
601321984,Dionysus,Corkitt,71,M,True,True,False,False
243954459,Dorrie,Sheringham,90,F,False,True,False,False
801342604,Darill,Solan,71,M,False,True,False,False
340647757,Zorana,Locksley,74,F,False,False,False,False
703391551,Suzanne,Marxsen,97,F,False,True,False,False
728392156,Elene,Ellingham,11,F,False,True,False,False
421140445,Krishnah,Assiter,80,M,False,True,False,True
634767390,Orville,O' Ronan,15,M,True,True,False,False
238632569,Sanson,Bellerby,40,M,False,True,False,False
502201188,Sonni,Tilberry,25,F,False,True,False,False
186027209,Arlen,Vinick,49,F,False,True,False,False
911684379,Tadio,Dumphy,98,M,False,True,False,False
788896530,Erasmus,Fosbraey,9,M,False,True,False,False
763277259,Karry,Riha,19,F,False,True,True,False
491801575,Drusi,Penhallurick,88,F,False,True,False,False
719885323,Giuseppe,Cubley,39,M,False,True,False,False
173395007,Lukas,Hollibone,87,M,False,True,False,False
664658048,Octavia,Perfili,63,F,False,True,False,False
267767250,Maynard,Thring,40,M,False,True,False,False
880848864,Lazaro,Reinbeck,82,M,False,False,False,False
903968048,Ramsey,McGoogan,98,M,False,True,False,False
083671389,Evania,Le Gallo,81,F,True,True,False,False
851986635,Abdel,Collen,71,M,False,True,False,False
857938995,Beverley,McMylor,73,F,False,False,False,True
625016904,Silvain,Brill,32,M,False,True,False,False
072417631,Alwyn,Leavey,23,M,False,True,False,False
541271093,Gabbey,Wray,22,F,False,True,False,False
130068406,Virgie,McMahon,40,M,False,True,False,False
498363698,Arnuad,Wilkenson,15,M,False,True,False,False
490328065,Stanfield,Sparsholt,2,M,False,True,False,False
878448216,Dollie,Starkie,4,F,False,True,False,False
759545311,Enoch,Orable,55,M,False,True,False,False
476863175,Deonne,Di Biaggi,81,F,False,True,False,False
062406420,Benedicto,Lisamore,10,M,False,False,False,True
477761237,Pamelina,Trout,13,F,False,True,False,False
736886716,Tamiko,Revitt,60,F,False,True,False,False
860031232,Bogey,Kemmett,21,M,False,True,False,False
163575726,Granny,Fossitt,87,M,False,True,False,False
507031635,Jarib,Watters,64,M,False,True,False,False
521149210,Lorita,Mariel,70,F,False,False,False,False
673679742,Gino,Grolle,90,M,False,True,False,False
555529456,Sander,Huegett,26,M,False,True,False,False
302426369,Westley,Brigden,23,M,False,True,False,False
918368107,Katuscha,Halfhyde,13,F,False,True,False,False
644549910,Jermaine,Gillings,7,M,False,True,False,False
787288562,Fifine,Camidge,2,F,True,True,False,False
780179315,Dana,Stemp,85,M,False,True,False,False
101165708,Lonna,Patzelt,14,F,False,True,False,False
702413466,Wadsworth,Heynen,93,M,False,True,False,False
354073478,Rand,Tyt,63,M,False,True,False,False
705092927,Clo,Vezey,87,F,False,True,False,False
373642219,Blakeley,Ambresin,25,F,False,True,False,False
803836079,Rochester,Hise,92,M,False,True,False,False
905459965,Jay,Darnbrook,82,M,False,True,True,False
646192701,Yance,Westnedge,30,M,False,True,False,False
257373646,Jsandye,Devin,49,F,False,True,False,False
996814721,Blake,Looby,28,M,False,False,False,False
513885926,Wylie,Wrassell,8,M,False,True,False,False
215560704,Callean,Bromby,60,M,False,True,True,False
062555118,Tye,Ridwood,46,M,False,False,False,False
814552397,Rick,Yanne,62,M,False,True,False,False
039719126,Jacquette,Isson,27,F,False,True,False,True
442279041,Rudolph,Crick,74,M,False,True,False,False
790813879,Morganica,Antosch,36,F,False,True,False,False
827677759,Jasen,Kiessel,27,M,False,True,False,False
798476399,Marlon,Knobell,23,M,False,True,False,False
898660827,Sanders,Holbarrow,44,M,False,True,False,False
119905022,Essy,Armistead,45,F,False,True,False,False
682901389,Carmina,Trussell,91,F,False,True,True,False
695952477,Ches,Meir,2,M,True,True,False,False
713395501,Bailey,Maldin,62,M,False,False,False,False
776262180,Crystal,Eat,31,F,False,True,False,False
266560384,Jayson,Scannell,63,M,False,True,False,True
711860620,Farrel,Lenton,8,M,False,True,False,False
962843983,Mirabelle,Pippin,72,F,False,True,False,False
292626826,Leroy,McCallister,46,M,False,True,False,False
456296044,Randene,Ternott,43,F,False,True,False,False
975951488,Taylor,Bleue,61,M,False,False,True,False
221858035,Adiana,Jammes,2,F,False,True,False,False
370836718,Junie,Costar,8,F,False,True,False,False
313669745,Rainer,Faulo,100,M,True,True,False,True
055684022,Kaye,Lenney,51,F,True,False,False,False
982791479,Wyn,Crassweller,73,M,False,True,False,False
303088070,Fitz,Moakes,5,M,False,True,False,False
223979794,Laurie,Borrington,64,M,False,False,False,False
506220441,Correy,Beathem,12,F,False,True,False,False
208856570,Elinore,Coke,44,F,False,True,False,False
196560533,Dale,Quaife,86,M,False,True,False,False
288423943,Palmer,Cottham,31,M,True,True,False,False
605085324,Antonius,Wrigley,55,M,False,True,False,True
428491712,Nappie,Hoyer,9,M,False,True,False,True
728128696,Sergent,Conrath,39,M,False,True,False,False
189239654,Herta,Cloughton,55,F,False,True,False,True
940519107,Nola,Le Friec,25,F,False,False,True,False
444684323,Akim,Ludlam,33,M,False,False,False,False
772544437,Annabal,Bowmaker,46,F,False,True,False,False
099896540,Nathanial,Krop,82,M,False,True,True,False
785610275,Barbra,De Meyer,60,F,False,True,True,False
307862191,Darda,Naughton,72,F,True,True,False,False
376955393,Jerad,Speck,98,M,False,True,False,False
576695972,Lory,Logie,50,F,False,True,False,True
738435849,Ted,Issacoff,22,M,False,False,False,False
251395827,Dickie,Benettelli,1,M,False,True,False,False
193168092,Arleyne,Ducrow,50,F,False,True,False,False
605335122,Pierette,Swale,67,F,False,True,False,False
294959568,Lanie,Maase,70,M,False,True,False,False
485981260,Timmy,Ruffler,76,M,False,True,True,False
266137766,Marcellina,Herkess,33,F,False,True,False,False
396454334,Delmar,Carleton,54,M,False,True,False,False
582853834,Alanna,Itzkovitch,72,F,False,False,False,False
262195245,Quincey,Seabrocke,10,M,False,True,True,False
180734625,Ruthie,Raulstone,1,F,False,True,False,False
040599040,Erasmus,Anthony,39,M,False,True,True,False
408187519,Ramsay,Pettus,71,M,True,True,False,True
297804120,Dorrie,Kemmer,3,F,False,True,False,False
812396229,Shelby,See,77,M,True,True,False,False
974812116,Lizzie,Geertz,60,F,False,True,False,False
518361990,Lazarus,Harnwell,35,M,False,True,False,False
850072531,Aldis,Prynne,83,M,False,True,False,False
134796024,Gilberto,Kun,90,M,False,True,False,False
310639588,Lisbeth,Ciccerale,18,F,False,True,False,True
137394915,Shayna,Deeley,43,F,False,True,False,False
009360758,Dewitt,Marcinkus,28,M,False,True,True,False
787227679,Aldis,Corain,39,M,False,True,False,False
646537749,Cornie,Brasener,54,F,False,True,True,False
525031236,Adriane,Schutte,13,F,False,True,False,False
439491744,Jeniffer,Woodings,12,F,False,True,False,True
930748626,Suzy,Manwell,1,F,False,True,False,False
607989453,Marybelle,Ropartz,39,F,False,True,False,False
058614396,Morganne,Daouse,77,F,False,True,True,False
479090678,Carly,Kuhlen,61,M,False,True,False,False
418918078,Viviana,Figgins,38,F,False,True,True,False
861696401,Farlay,Pennone,44,M,False,True,False,False
403039214,Hope,Sakins,23,F,True,True,False,False
992550877,Cad,Basilone,71,M,False,False,False,False
113005470,Bertrando,Chillingworth,12,M,False,True,False,False
531965349,Nicola,Dener,16,M,False,True,False,False
455338274,Tillie,Boobier,60,F,False,True,False,False
581232441,Zandra,Larwell,90,F,False,True,False,False
357517591,Olly,Commander,94,M,False,True,False,False
276062244,Eada,Apperley,4,F,False,True,False,False
973292885,Gerick,Brandreth,8,M,False,True,False,False
182808802,Jacquelin,Spurdens,43,F,False,True,False,False
506134091,Dianemarie,Nerney,18,F,False,True,False,False
527796658,Jeffy,Golledge,12,M,False,True,False,False
131611344,Alessandra,Gamett,70,F,False,True,False,False
435687496,Donalt,Chapier,5,M,False,True,False,False
174751500,Wilek,Cathery,51,M,False,True,False,False
851792252,Brade,Collingham,53,M,False,True,False,False
437906527,Staffard,Girardin,95,M,False,True,False,False
085475208,Peirce,Howton,39,M,False,True,False,False
054400123,Vinny,Leghorn,36,M,False,True,False,False
865626806,Tamra,Trussman,23,F,False,True,True,False
331852674,Del,Manketell,71,F,False,True,False,False
376053263,Giacinta,Halloran,3,F,False,True,False,False
070910072,Henrik,Moules,93,M,True,True,False,False
189561741,Juliana,Cullagh,15,F,False,True,False,False
199525923,Victor,Snell,3,M,False,True,False,False
286220814,Lian,Enoksson,86,F,False,True,False,False
937561698,Lil,Peniman,67,F,False,True,False,False
047029699,Alvinia,Edlestone,9,F,False,True,False,True
874465160,Adelheid,Patching,41,F,False,True,False,False
662027278,Karalynn,Benyan,33,F,False,True,False,False
352819702,Barbabas,Neil,81,M,False,True,False,False
271456942,Angelico,Clohessy,37,M,False,True,False,False
058414612,Ronny,Dandison,87,M,False,True,False,False
060170299,Alwin,McErlaine,28,M,False,True,False,False
485109461,Stuart,Shapland,27,M,False,True,False,False
571454311,Amalle,Smidmoor,50,F,False,True,False,False
299422203,Salomo,Mattiessen,61,M,False,True,False,False
237015548,Edd,McCaffery,40,M,False,True,False,False
795349560,Nicolea,Barmadier,48,F,False,True,False,False
803448396,Katleen,Coen,74,F,False,True,False,False
020107723,Dennison,Tuck,69,M,False,True,False,False
844365299,Bekki,Branson,69,F,True,True,False,False
394412752,Gertrudis,Lohde,14,F,False,True,False,False
245751009,Ilario,Collcott,22,M,False,True,False,False
821288193,Wayland,Joreau,71,M,True,True,False,False
304904114,Nerti,Grellier,61,F,False,True,False,False
077581333,Susie,Playden,90,F,False,True,False,False
368431892,Teodora,Davidowsky,30,F,False,True,False,False
221519878,Elnora,Pounsett,54,F,False,True,False,False
656803493,Electra,Heakins,41,F,False,True,False,False
912116739,Harmon,Tuckerman,57,M,False,True,False,False
297491483,Walt,Twede,40,M,False,True,False,False
099423527,Bettine,Aleksandrov,92,F,False,True,True,False
488086077,Orson,Mein,86,M,False,True,False,False
784347206,Osbourne,Watkin,96,M,False,True,False,False
281857827,Jen,Adao,38,F,False,True,True,False
282112094,Kerianne,Bette,66,F,False,True,False,False
297747973,Cecilio,Muffett,96,M,False,True,False,False
348797542,Rickard,Krochmann,31,M,False,True,False,True
900830371,Issiah,Hallard,4,M,False,False,False,False
439031784,Gianni,Rubi,50,M,False,True,False,False
925838753,Slade,Beretta,95,M,False,True,False,False
089445200,Pall,St Clair,6,M,False,True,False,True
998306585,Gaelan,Sciusscietto,84,M,False,True,False,False
009046887,Teodorico,Filippello,62,M,False,True,True,True
792351724,Mariejeanne,Custard,12,F,False,True,False,False
536430318,Michell,Bruinemann,94,F,False,True,False,False
018394932,Althea,Rustman,70,F,False,True,False,False
957112356,Wilburt,Izat,86,M,False,True,False,False
377822747,Arlyne,Bottelstone,81,F,False,True,True,False
045639751,Drona,Langstone,66,F,False,True,False,False
542901348,Missy,Trevethan,10,F,False,True,False,False
161125096,Peggi,Caselli,94,F,False,True,False,False
641117609,Ellery,Fenby,71,M,False,True,False,False
532467875,Lawton,Pentercost,67,M,False,True,False,True
692615861,Analise,Hylden,25,F,False,True,False,False
347404351,Cy,Whodcoat,89,M,False,True,False,False
457336753,Atlanta,Ambroise,80,F,False,True,True,True
636396383,Margeaux,Boxill,70,F,False,True,False,False
818356833,Silvio,Joutapavicius,28,M,True,False,False,False
637563354,Berthe,Joron,2,F,False,True,False,False
954773011,Doralyn,Morefield,44,F,True,True,False,True
890210437,Murray,Starten,2,M,False,True,False,False
404502602,Jemmie,Drage,41,F,False,True,False,False
594139734,Erena,Wyper,91,F,False,True,False,True
329376655,Amery,Hartright,38,M,False,True,False,False
728021603,Kare,Bethune,71,F,False,True,False,False
320845455,Dimitry,Cox,26,M,False,True,False,False
433367351,Ring,Welldrake,99,M,False,True,False,False
604000832,Juieta,Gaynsford,42,F,False,True,False,False
348349115,Laughton,Morrid,39,M,False,True,False,False
262153042,Dore,Ashworth,38,M,False,True,False,False
012018919,Ashleigh,Gatsby,45,F,False,True,False,False
789801628,Tessy,Josefson,34,F,False,True,False,False
115776307,Kennie,Hallad,73,M,True,True,False,False
497828206,Almeria,Wegman,5,F,False,True,False,False
600877545,Dario,Schiesterl,59,M,False,True,False,False
386163290,Cesaro,Livingston,47,M,False,True,False,False
542284402,Davey,Korb,46,M,False,True,False,False
276354496,Inger,Water,73,M,False,True,False,True
834902324,Susannah,Lain,82,F,False,True,False,False
511134593,Sebastiano,Martineau,66,M,False,True,False,False
451653409,Ciel,Skipp,82,F,False,True,False,True
532430705,Leonard,Polack,73,M,False,True,False,False
885389439,Nathan,Hefferan,1,M,False,True,False,False
839163629,Malissia,Verrechia,60,F,False,True,False,False
885827261,Gifford,D'Onisi,48,M,False,True,False,False
685440367,Coralyn,Osipov,81,F,False,True,False,False
010367068,Emelyne,Matthensen,14,F,False,True,False,False
416357391,Ken,Drysdale,40,M,False,False,False,False
762160943,Roxanne,Leadbetter,43,F,False,True,False,True
825887528,Culley,Corsan,47,M,False,True,False,False
122025127,Demetris,Harkes,11,M,False,True,False,True
227667698,Trev,Currum,83,M,False,True,False,False
031785319,Griz,Joice,58,M,False,True,False,False
737637056,Marget,Mathys,4,F,False,True,False,False
530075184,Leah,Stanyer,15,F,False,True,False,False
303584924,Mendel,Soldi,46,M,False,True,False,False
333941107,Janine,Edmund,37,F,False,True,False,False
309839844,Adams,Mueller,87,M,False,True,False,False
350635060,Bevan,Lacroutz,59,M,False,True,False,False
101813246,Hebert,Lippatt,89,M,False,True,False,False
608441035,Birdie,Bysouth,60,F,False,True,False,False
908134956,Alphonso,Blanckley,86,M,True,True,False,False
447895965,Marigold,Liger,83,F,False,True,False,False
971253444,Koral,Kitchenman,35,F,False,True,False,False
327042369,Karlan,Okie,16,M,False,True,False,False
853398505,Paten,McMenamy,51,M,False,True,False,False
319929512,Car,Nestor,33,M,False,True,False,False
015098873,Devland,Maden,52,M,False,True,False,False
946784484,Sergei,Lucian,50,M,False,True,False,False
888919352,Iorgo,Baughan,47,M,False,True,False,True
150294277,Ingaberg,Rutherfoord,30,F,False,True,False,False
344972021,Cody,Lamblot,98,M,False,True,False,True
947464362,Gery,Healings,43,M,False,True,False,False
301831066,Wrennie,Sauvan,4,F,False,True,False,False
254644969,Granny,Test,56,M,False,True,False,False
251522210,Solomon,Mitskevich,90,M,False,True,False,True
658571466,Kasper,Follos,5,M,False,True,False,False
225222493,Gayler,Champney,1,M,False,True,False,False
840889308,Curt,Christmas,66,M,True,True,False,False
294000528,Karyl,Peret,45,F,False,True,False,False
979643162,Gaston,Findlater,70,M,False,True,False,True
862865708,Silvan,Fellenor,16,M,False,True,False,False
838642434,Nell,Pymm,11,F,False,True,False,False
285509814,Lannie,Drogan,50,M,False,True,False,True
300091524,Felic,Grew,86,M,False,True,False,False
528251403,Marc,McClunaghan,46,M,False,True,False,False
559509314,Dewitt,Deverall,98,M,True,True,False,False
455977504,Coletta,Bowne,16,F,False,True,False,False
424567079,Stacey,Pagram,8,F,False,True,False,False
843136580,Lonna,Long,44,F,False,True,False,False
932117344,Pete,Selcraig,58,M,False,True,True,False
448858716,Elizabet,Van Giffen,42,F,False,False,False,False
294563038,Angelika,Nortcliffe,42,F,True,True,False,True
200476187,Tucker,Duthy,41,M,False,True,False,False
280484653,Patty,Bamborough,34,M,False,True,False,False
944489942,Jeannine,Lumsdall,60,F,False,False,False,False
224927036,Francisca,Hedgeley,60,F,False,True,False,False
820007106,Turner,Rubie,84,M,False,True,False,True
712637869,Alyosha,Dafforne,77,M,False,True,False,False
311908850,Marlow,Tessier,26,M,False,True,False,False
381463402,Kleon,Napoleon,37,M,False,True,True,False
800511236,Nikolos,Lawling,16,M,False,False,False,False
321080724,Lauralee,Kenwood,45,F,True,True,False,False
503382348,Kare,Loakes,38,F,False,False,False,False
588923129,Butch,Vance,56,M,False,True,False,False
587545516,Kimberli,Carff,72,F,False,True,False,False
356483181,Marinna,Gaymer,43,F,False,True,False,True
089457073,Danielle,Wrench,87,F,False,True,False,True
605301542,Virgilio,McTeer,56,M,False,True,False,False
848785715,Arron,Domini,94,M,False,True,False,False
030064297,Aldrich,Ferencowicz,44,M,False,True,False,False
149037576,Reina,Gershom,55,F,False,True,False,False
897764914,Mile,Ricardou,40,M,False,True,False,False
391487428,Conroy,Halmkin,38,M,False,True,False,False
492735580,Myrah,Fielden,54,F,False,True,False,False
702833038,Velvet,Tschersich,86,F,False,False,True,False
536897012,Manuel,Richel,90,M,False,True,False,True
038550552,Bendite,Caudelier,99,F,False,True,True,True
436607764,Katherine,Digger,83,F,False,True,False,False
444566295,Moe,Kale,62,M,False,True,False,False
790545269,Vivyan,Bazylets,49,F,True,True,False,False
854658748,Hurlee,Gladwell,50,M,False,True,False,True
894302778,Vernon,Baldick,28,M,False,True,False,False
206913743,Alic,Whoston,66,M,False,True,False,False
974182976,Thorin,Siemens,23,M,False,True,False,False
566649493,Lilias,Cogswell,68,F,True,True,False,False
540996246,Jacquelyn,Sitwell,3,F,False,True,False,False
811630248,Anton,Wivell,86,M,False,True,False,False
602892224,Averil,Beeden,57,M,False,True,True,False
998611153,Ashla,Gabbitas,68,F,False,True,False,False
750858073,Guenna,Dibner,98,F,True,True,False,False
274953665,Terri-jo,Spear,39,F,False,False,False,False
468801942,Gaby,Greenslade,24,F,False,True,False,False
745697518,Kelsey,Brandom,92,F,False,True,False,True
728763432,Beau,Martinec,14,M,False,True,False,False
917103156,Yoshi,MacElholm,70,F,False,True,False,False
005476669,Melisent,Grishankov,14,F,False,True,False,False
653913584,Georgeanne,Bowcock,73,F,False,True,False,False
427091153,Jervis,Couttes,16,M,False,True,False,False
044515559,Aline,Caplan,52,F,False,False,False,False
939224243,Curcio,Allin,58,M,False,True,False,False
890952322,Umberto,Di Frisco,26,M,True,True,False,False
572204447,Tomasine,Mitcheson,2,F,False,True,False,False
369774447,Gilemette,Luney,29,F,False,True,False,True
851244184,Alejandro,Maxwale,54,M,False,True,False,False
695338009,Jedd,Muat,56,M,False,True,False,False
704081080,Lindon,Tewelson,71,M,False,True,True,False
753556826,Elianore,Tongue,64,F,False,True,True,False
836691677,Prinz,Skerrett,17,M,False,True,False,True
053326886,Jude,Read,40,M,False,True,False,False
931791872,Madelin,Paolo,8,F,False,True,False,True
313204588,Sharai,Ajsik,40,F,False,True,False,False
313625608,Hillier,Kopp,11,M,False,True,False,False
820025309,Brade,Plom,24,M,False,True,True,False
235128365,Aile,Hatchell,86,F,False,True,False,False
544817824,Lorens,Slarke,75,M,False,False,False,False
659073151,Nixie,Shorthill,22,F,False,True,True,False
683475937,Abran,Follows,87,M,False,True,False,False
094725777,Coop,Fitzsymon,3,M,False,True,False,False
210315482,Leonid,Caplin,28,M,False,True,False,False
117640604,Clarissa,Reany,8,F,False,True,False,False
533246023,Vachel,Clinkard,1,M,False,False,False,False
492212245,Dierdre,Padwick,82,F,False,True,False,False
956231708,Christye,Probbin,64,F,False,True,False,False
406349641,Cassie,Candlin,23,F,False,True,False,False
288021870,Cordelia,Greenley,81,F,False,True,False,False
285315524,Boy,Camber,62,M,False,False,False,False
145278192,Phillida,Clemencon,55,F,False,True,False,False
936926264,Jard,Guitonneau,91,M,False,True,False,True
673655517,Binky,Maciocia,75,M,False,True,False,False
688270095,Skell,St. Paul,25,M,False,True,False,False
116423726,Giacopo,Braben,63,M,False,False,False,False
971426749,Annie,Creasy,9,F,False,False,False,False
802050246,Vanna,Yeowell,30,F,True,True,False,False
901547352,Tedi,Kittles,62,F,False,True,False,False
883999610,Dolly,Tredgold,95,F,False,True,False,False
196193336,Tammie,Farnall,25,F,False,True,False,False
915404008,Shel,Tezure,53,F,False,True,False,False
176428976,Merrick,Jeff,98,M,False,True,False,False
912071485,Ciel,Woolger,92,F,False,True,False,False
034929795,Brande,Jachimiak,50,F,False,True,False,False
531340472,Xever,Kornes,85,M,False,True,False,False
579011616,Desiree,Tollow,51,F,False,False,False,False
125113556,Dirk,Moughton,100,M,False,True,False,False
665670133,Nikoletta,Wanell,88,F,False,True,True,False
819445634,Izak,Szepe,54,M,False,True,False,False
297658346,Lonna,Brizland,88,F,False,True,False,False
252182497,Chandra,Leversha,82,F,False,True,False,False
803256927,Morgun,Offener,98,M,False,False,False,False
637820157,Maxi,Neller,28,F,False,True,False,False
091015869,Kari,Braunton,47,F,False,True,False,False
154612760,Temple,Veschambes,33,M,False,True,False,False
090677914,Devlen,Dello,6,M,False,True,False,False
229034689,Bettina,Murrum,83,F,False,True,False,False
976035248,Burt,Nicholl,90,M,False,True,False,False
838995992,Tobie,Lewing,84,M,False,True,False,False
897427932,Suzette,Stainson,5,F,False,True,False,False
563134228,Myrtia,Grieveson,33,F,False,True,False,False
814892936,Lynett,Acres,51,F,True,True,False,False
211493295,Aeriell,Hugett,96,F,False,True,False,False
826378479,Neal,Delmage,52,M,False,True,False,False
189036261,Olvan,Edeson,72,M,True,True,False,False
991397832,Helen,Cicco,100,F,False,True,True,False
963376565,Willy,Degnen,83,F,False,True,False,False
308306003,Hillier,Dampier,86,M,False,True,False,False
541377468,Pat,Kuhwald,98,M,False,False,False,False
929808109,Keelby,Ernke,58,M,False,True,False,False
901881263,Karina,Olenchenko,6,F,False,True,False,False
495402596,Charita,Fowden,9,F,True,True,True,False
477840472,Falito,Harefoot,52,M,False,False,False,False
893415732,Kelly,Ginie,58,F,False,False,True,False
570660782,Aubrey,Connichie,85,F,False,True,True,False
244560311,Iago,Hasty,61,M,True,True,False,False
598906071,Moise,Hugle,97,M,True,True,False,False
768651493,Igor,Tooze,17,M,False,True,False,False
254875207,Dido,Rotlauf,80,F,False,True,False,False
155294364,Ashlie,Sein,56,F,True,True,False,False
005588518,Wakefield,Dee,85,M,False,True,False,False
917130960,Saundra,Ogan,83,M,False,True,False,False
957152048,Rivalee,Leeke,34,F,False,True,False,False
040800575,Northrop,Domnin,86,M,False,True,False,False
414303710,Sander,Renad,93,M,False,True,True,False
440740547,Melba,Cominello,58,F,True,True,True,False
715421377,Brnaba,Blacker,71,M,False,True,False,True
034350958,Colan,Eccleston,51,M,False,False,False,False
738532011,Carin,Sexcey,78,F,False,True,False,False
406857224,Kimberlee,Booeln,82,F,False,False,False,False
815273101,Ephraim,Overy,37,M,False,True,False,False
411301511,Curtice,Lamke,51,M,False,True,False,False
361041695,Elita,Maclaine,45,F,False,True,False,False
562442113,Faydra,Rampley,26,F,False,True,False,False
055910612,Ariel,Fulks,10,F,False,True,False,False
786204997,Othello,Satterlee,7,M,False,True,True,False
446051518,Gardie,Le Gassick,88,M,False,True,False,False
376635034,Lynnet,Gander,79,F,False,True,False,False
098221723,Boy,Gittis,21,M,False,True,False,False
052346395,Duke,Habert,85,M,False,True,False,False
912689220,Hayyim,Konzelmann,73,M,False,True,False,False
674876877,Hendrick,Proudler,49,M,False,True,False,False
916155620,Blinnie,Bedome,94,F,False,True,False,False
758979136,Sherm,Cliff,55,M,False,True,False,False
624744257,Emmye,Carlin,63,F,False,True,False,False
602847518,Torrance,Vorley,2,M,False,True,True,True
359909406,Clo,Botright,29,F,False,True,False,False
833424323,Brigida,Sackes,54,F,False,True,False,False
433678521,Dell,Hutchinson,1,M,False,True,False,True
291446249,Adorne,Cescot,41,F,False,True,False,False
126885968,Phylis,Carlett,100,F,False,True,False,False
252801505,Joe,Peggram,31,M,False,True,False,True
066702421,Violetta,Welbelove,38,F,False,True,False,False
473031423,Normie,Possek,63,M,False,True,False,False
861889290,Mag,Godlee,33,F,False,True,False,False
661239350,Haze,McBrearty,13,M,False,True,False,True
162414030,Reba,Castiglio,80,F,False,False,False,False
867805223,Devlin,Spiller,74,M,False,True,False,False
203255703,Felice,Reveley,66,F,False,True,False,False
355294947,Brigid,MacScherie,28,F,False,True,True,False
177270284,Elli,Koschek,7,F,False,True,False,False
157859766,Staffard,Figure,57,M,False,True,False,False
639329731,Henry,Gebbe,34,M,False,True,False,False
317221432,Dale,Garrie,41,M,False,True,True,False
298144114,Fleming,Galloway,7,M,False,True,False,False
679780419,Jodie,Trow,8,F,False,True,False,False
459022478,Hank,Prendergrass,16,M,False,True,False,False
403117077,Benedetto,Huckfield,87,M,False,True,False,False
104912579,Quincy,McKibben,47,M,False,True,False,False
577413410,Matthaeus,Brierley,18,M,False,True,False,False
769145069,Trista,Mc Curlye,88,F,False,True,False,False
751194743,Kristo,Becker,62,M,False,True,False,False
347008189,Myron,Willcox,5,M,True,True,False,False
690607825,Niels,Tyndall,14,M,True,False,False,False
113883091,Fernanda,Aguirrezabala,82,F,False,True,False,False
641944863,Sander,Magee,47,M,False,True,False,True
360312400,Kimball,Tillot,15,M,False,False,False,False
370615501,Alfonse,Bangiard,46,M,False,True,False,False
133679875,Venus,Duigenan,48,F,False,True,False,False
288440116,Jillie,Poynor,46,F,False,True,False,False
089837350,Rolando,Connick,49,M,False,True,False,False
303117389,Rowan,Tureville,9,M,False,True,False,False
755085017,Eli,Dunbavin,59,M,False,True,False,False
152887703,Elvira,Pinkard,100,F,False,True,False,True
564512215,Jobi,Tarbath,62,F,False,False,False,False
401861228,Marleen,Biggin,25,F,False,True,False,False
779991376,Lewes,Colleymore,2,M,False,True,False,False
571961566,Riannon,Hartridge,88,F,False,True,False,False
007667524,Rudolf,Gubbins,30,M,False,True,False,False
575418473,Rey,Botly,56,F,False,True,False,False
956209530,Maxie,Crome,88,M,False,True,False,False
279141355,Ailene,Duckitt,66,F,False,True,False,False
701282992,Cordelia,Miquelet,16,F,False,False,False,False
280466861,Nolan,Coppock.,61,M,False,True,False,False
631874493,Sven,Timmons,62,M,False,True,False,False
788866678,Hollis,Lias,73,M,False,True,False,False
803222170,Chad,Piff,9,M,False,True,False,False
707849090,Fonsie,Mulchrone,54,M,False,True,False,False
251279603,Florenza,Farnie,33,F,True,True,False,False
701564719,Nikoletta,Ryding,78,F,False,True,False,True
863084760,Ferrel,Dalgarnocht,57,M,False,True,False,False
387664398,Frazer,Idwal Evans,28,M,False,True,False,False
970759900,Keith,Escott,77,M,False,True,False,False
141109159,Halli,Tibbits,37,F,False,True,False,False
207513072,Bartholemy,Clyma,88,M,False,True,True,False
574834441,Dermot,Culross,80,M,False,True,False,False
043875039,Shannah,Stathor,63,F,False,True,False,False
658666683,Mayer,Troy,99,M,False,True,False,False
205585253,Christy,Lerner,55,M,False,True,False,False
212476932,Barrett,Fripp,61,M,True,True,True,False
422036240,Mariele,Kloster,32,F,True,True,False,False
256700313,Harmon,Farrall,1,M,False,True,True,False
295185783,Glynnis,Ginity,53,F,False,True,False,False
316681564,Eric,Seery,60,M,True,True,False,False
039379345,Alis,Cardoso,92,F,False,True,False,True
441330930,Marcello,Alfwy,25,M,False,True,False,False
850995779,Olivero,Aldham,57,M,False,True,False,False
148731424,Meade,Harries,22,M,False,True,False,False
259894498,Hagen,Croley,64,M,False,True,True,False
521005859,Odella,Enochsson,83,F,False,True,False,False
754013301,Darren,Brome,11,M,False,True,False,False
031099945,Leanora,Dufore,48,F,False,False,False,False
470301447,Dillie,Berrow,31,M,False,False,False,False
017718628,Carny,Peacham,67,M,False,True,False,False
023636892,Findley,Hotchkin,75,M,False,True,False,False
254768957,Gregoire,Glassman,63,M,False,True,False,False
688841384,Dalis,Maydway,28,M,False,True,False,False
525836540,Annnora,Laundon,68,F,False,True,True,False
823387185,Althea,Scyone,11,F,False,False,False,False
849837691,Mercie,Normavell,2,F,False,True,False,False
750800393,Niels,Gelsthorpe,100,M,False,True,False,True
405408689,Juline,Longmore,7,F,False,True,False,False
903102191,Leyla,Smurthwaite,79,F,False,True,False,False
923233375,Oates,Bayns,42,M,False,True,False,True
995805902,Lenna,Lanning,61,F,False,True,False,True
908110954,Korry,Rolance,71,F,False,False,False,False
944041210,Ailey,Ladbury,24,F,False,True,False,False
697312485,Katina,Goudge,12,F,False,True,False,False
496075088,Iorgo,Halvosen,89,M,False,True,False,False
183104739,Hugh,Cuthill,93,M,False,True,False,False
367889483,Rock,Cockshtt,12,M,False,True,False,False
392814919,Laura,Gwyther,44,F,False,True,False,False
131661423,Alanna,Dulson,49,F,False,True,False,False
820344521,Rice,Ballendine,13,M,False,True,False,False
828734927,Rich,Casaroli,56,M,False,True,False,False
802466090,Ofella,Marchello,17,F,False,True,False,False
277584939,Thaddus,Jakubovits,50,M,False,True,False,False
498892653,Isiahi,McKeurtan,93,M,False,True,False,False
903618901,Modestia,Winstone,3,F,False,False,False,True
864233850,Hastings,Sailes,22,M,False,True,False,False
909888546,Ginger,Stairmond,18,F,False,True,False,False
478101402,Yolande,Everix,81,F,False,True,False,False
772882361,Theresita,Parkeson,100,F,False,True,False,False
258227177,Arnaldo,Sizzey,72,M,False,True,False,False
051252377,Patrice,Keets,88,F,False,True,False,False
502499476,Rozina,Fidler,18,F,True,True,False,False
845716840,Dana,Kumar,68,F,False,True,False,False
176005671,Tremaine,Braithwaite,86,M,False,True,False,False
810816098,Freemon,Caston,72,M,True,True,False,False
618311762,Nichols,Priestley,43,M,False,True,False,True
123622313,Terra,Terran,85,F,False,True,True,False
024947943,Way,Golbourn,44,M,False,True,False,False
533060193,Rozamond,Jedrychowski,3,F,False,True,False,False
925813484,Nikkie,Klicher,38,F,False,True,False,False
636228145,Vi,Bremond,33,F,False,True,False,False
122859391,Lilith,Acors,42,F,False,True,False,False
031926328,Owen,Jamot,93,M,False,True,False,False
990418787,Rubin,Berriball,12,M,False,True,False,False
104249269,Bridie,Sherville,92,F,False,True,False,False
941016917,Barnard,Filler,60,M,False,True,False,False
802571589,Inigo,McColm,71,M,False,True,False,False
268794753,Carley,Fullilove,45,F,False,True,False,False
813863404,Paolina,Hadlington,70,F,False,True,True,False
228955710,Isaak,Popeley,86,M,False,True,False,False
982232605,Talbert,Artois,33,M,False,False,False,False
502214055,Renee,Duchesne,45,F,False,False,False,False
919071280,Ev,Phelipeaux,52,M,False,True,False,False
480239832,Chandal,Call,46,F,False,True,False,True
130467158,Jannelle,De Metz,17,F,False,True,False,False
108621883,Zebedee,Brunsden,49,M,False,True,False,False
264712956,Glenine,Nucci,41,F,True,True,True,False
762536497,Kandy,Tranter,87,F,False,True,False,False
915246875,Cart,Junifer,5,M,False,True,False,True
376538042,Britney,Caseborne,2,F,False,True,False,False
764525911,Alessandro,Huncote,22,M,True,True,False,False
083856566,Stavro,Negus,94,M,False,True,False,False
073917557,Arline,Spray,39,F,False,True,False,False
335720584,Mill,Blakemore,2,M,False,True,False,False
290355066,Stacie,Yakubovich,69,F,False,True,False,False
422197416,Olia,Wyllie,89,F,False,True,False,False
103380377,Aileen,Thebe,10,F,False,True,False,False
378634504,Alvie,Spottiswoode,79,M,False,True,False,False
868872455,Gabie,Magog,79,M,False,True,False,False
814217668,Kelvin,Allenby,41,M,False,True,False,False
429059207,Annecorinne,Northill,41,F,False,True,False,False
310384282,Ivette,Yeats,81,F,False,True,False,False
185912054,Karmen,Troughton,3,F,False,True,False,False
477865491,Caralie,Cartner,17,F,False,True,True,False
830191385,Ortensia,Tinniswood,66,F,False,True,False,False
452495237,Olin,Worley,51,M,True,True,False,True
356778872,Guilbert,Husk,58,M,False,True,False,False
260999643,Gretta,Penner,87,F,True,True,False,False
719124069,Ingrid,Pittock,93,F,False,True,False,False
067000068,Samuel,Cuningham,16,M,False,True,False,True
576753294,Margy,McQuode,49,F,False,True,False,False
008915783,Haily,Aggs,27,M,False,True,False,False
976252781,Florian,Revens,70,M,False,True,False,False
686125437,Sharia,Klaggeman,26,F,False,True,False,False
513321988,Avrit,Dan,79,F,False,True,False,False
567677420,Allyson,Flode,100,F,False,True,False,False
980813271,Gerrie,Van Geffen,87,M,False,True,False,False
772623492,Sancho,Viggars,17,M,False,True,False,False
894366078,Fern,Eadmeads,9,F,False,True,False,False
306592813,Ignazio,Peedell,20,M,False,True,False,False
829026640,Simon,Rottenbury,26,M,False,True,True,False
704927827,Ingemar,Gilhooley,90,M,False,False,False,False
194233640,Karlis,MacQuaker,47,M,False,True,False,False
646024941,Pablo,Meekings,92,M,False,True,False,False
286020060,Reginald,Jowett,65,M,False,True,False,False
165953256,Katuscha,Plose,97,F,False,True,False,False
503291394,Max,Keeffe,31,F,False,True,False,False
044144580,Estevan,Morando,89,M,False,True,False,False
546278227,Charley,Marrow,53,M,False,True,False,False
971727656,Edik,Chasmar,24,M,False,True,False,False
929538689,Zahara,Hollows,82,F,False,True,False,False
552899248,Carmelita,Matiewe,25,F,False,False,False,True
038134200,Griffith,Bartolomucci,78,M,False,True,False,False
796596262,Truman,Fishley,1,M,False,True,False,False
815483560,Debbie,Willey,64,F,False,True,False,False
706993892,Vivie,Fitzsimon,60,F,False,True,False,False
996951509,Cad,Illidge,12,M,False,True,False,False
771132997,Torrey,Rymill,91,M,False,True,False,False
285457923,Rachelle,Cartman,9,F,False,True,False,False
387702973,Clotilda,Crumb,5,F,False,True,False,False
564093794,Stesha,Ciobotaro,80,F,False,True,False,False
126637860,Janene,Liddyard,1,F,False,False,False,False
259391799,Niven,Pecht,55,M,False,True,False,False
870129551,Marti,Manilove,55,F,False,True,False,False
562661220,Bradly,Leas,98,M,False,True,False,False
045315872,Desi,Rumbelow,55,M,True,True,False,True
850789903,Verena,Barti,25,F,False,True,False,False
697569943,Isidora,Elmhurst,22,F,False,True,False,False
289777943,Paige,Chatwood,93,M,False,True,False,False
505148049,Fidelia,Abrahams,67,F,False,True,False,False
771459631,Roselin,Trudgion,41,F,False,True,False,False
735802092,Creight,Ulrik,87,M,True,True,False,False
042007432,Morgana,Ionnidis,10,F,True,True,False,False
156747522,Frederique,Rosenbloom,27,F,False,True,False,False
337976387,Jameson,Icom,41,M,True,True,False,False
734085307,Tallie,Giffen,84,M,False,True,False,False
007127115,Fairlie,Weeke,49,M,True,True,False,False
229573007,Whitman,Dani,48,M,False,True,False,False
560989772,Osborn,Farres,90,M,False,True,False,False
854152014,Yehudi,Fivey,95,M,False,True,False,False
924501123,Paten,Pellew,98,M,False,True,False,False
030044832,Elden,Camier,39,M,False,True,False,True
751160334,Elaine,Mohan,23,F,False,True,False,False
078124752,Rozamond,Itter,59,F,False,False,False,False
211345835,Jo-ann,Blew,51,F,False,True,False,False
235379480,Keith,Grinston,96,M,False,True,False,False
875916302,Beatriz,Jackways,91,F,False,True,False,False
004157326,Vic,Doddemeade,21,M,False,True,False,False
792354739,Derron,Lared,12,M,False,True,False,False
106179888,Lay,Roof,75,M,False,True,False,False
570196268,Catherina,Lightoller,60,F,False,True,False,False
769284459,Paquito,Kubicka,46,M,False,True,False,False
192672406,Reinwald,Tod,57,M,False,True,False,False
157801446,Desiri,Slocumb,77,F,False,True,False,False
475867274,Orion,Tenbrug,23,M,False,True,False,False
376009124,Adriane,Mc Meekin,92,F,False,True,False,False
534428520,Errol,MacCracken,53,M,False,True,False,False
505286014,Edgard,Nickless,92,M,False,False,False,False
037256286,Ferrell,Walbrook,77,M,False,True,False,False
308912345,Alexandros,Jakeman,49,M,False,True,False,False
924457298,Wayland,Dockerty,52,M,False,True,False,False
699485663,Christy,Wiszniewski,11,M,False,True,False,False
276648532,Leroi,Ciciotti,82,M,False,True,False,False
899359079,Heddi,Beldan,49,F,False,True,False,True
519601327,Jeno,Loddy,46,M,False,True,False,False
211514709,Heriberto,Gadson,67,M,False,True,False,False
566001221,Rogers,Grimes,90,M,False,True,True,False
891508527,Delano,Branigan,2,M,False,True,False,False
469610037,Alvin,Aicken,54,M,False,True,False,False
118046402,Del,Hunter,3,M,False,True,False,False
450729956,Jacquie,Le Port,89,F,False,True,False,False
795981820,Kati,Faulkener,3,F,False,True,False,False
736596936,Nelle,Lismore,81,F,False,True,False,False
730643089,Daron,Ivanov,66,F,False,True,False,False
658376049,Mikaela,Giblin,20,F,False,True,True,False
275126748,Ulises,Cowley,84,M,False,True,False,False
533975198,Avivah,Sandry,14,F,False,True,False,False
020721697,Cosetta,O' Driscoll,85,F,False,True,False,False
578065715,Jimmie,Bramah,8,M,False,True,False,False
446810115,Fidelio,Tennick,72,M,True,False,False,False
531515988,Ludvig,Hallitt,24,M,False,True,False,False
811937789,Aubrette,Joan,94,F,False,True,False,False
427009377,Jeralee,De Vaan,71,F,False,True,False,False
108744095,Dominga,East,34,F,False,True,False,False
245853416,Clair,Brumble,71,M,False,True,False,False
045347272,Em,Aylott,16,M,True,True,True,False
429041870,Hanson,Grave,43,M,False,False,False,False
627645683,Gardiner,Hughill,7,M,False,True,False,False
969802459,Brier,Dewitt,4,F,False,True,False,False
598976487,Bryan,Aldersley,46,M,False,True,False,False
818159416,Benjamen,Turbefield,41,M,False,True,False,False
765165665,Olag,Graham,30,M,False,True,False,False
832336869,Angus,Antonov,95,M,False,True,False,False
393031011,Wolf,Ege,17,M,False,True,False,False
770463338,Romy,Pearcey,99,F,False,True,False,False
244823270,Yvon,Abbes,62,M,True,True,False,False
503058757,Mitchell,Tinn,26,M,False,True,True,False
375925556,Damita,Orto,97,F,False,True,False,False
207076026,Alfredo,Dosedale,46,M,False,True,False,False
493510922,Lori,Swithenby,54,F,False,True,False,True
598453540,Kristoforo,Hagston,89,M,True,True,False,True
202204501,Netty,Wimlet,69,F,True,False,False,False
848049912,Brandtr,Axon,79,M,True,True,False,False
493217275,Borg,Heake,44,M,False,True,False,False
455716779,Bentley,Viggars,46,M,False,True,False,False
893606554,Gage,Jancar,80,M,True,True,False,False
427065428,Dody,Ousbie,20,F,False,True,False,False
852139657,Jean,Dymidowski,33,M,False,True,False,False
644349721,Dewain,Maden,65,M,False,True,False,False
819172455,Randolph,Saywell,50,M,False,True,True,False
589009174,Glenna,Kopf,89,F,False,False,False,False
546676005,Sharity,Kilpin,58,F,False,True,False,False
975390994,Denver,Bassindale,11,M,False,True,False,False
036825548,Timmie,Ferris,53,F,False,False,False,False
555666678,Marcie,Duncan,8,F,False,True,True,False
544542833,Kippar,Skirlin,62,M,False,True,False,True
464660221,Moria,Rozec,88,F,False,True,False,True
941354440,Basilio,Swinford,27,M,False,True,False,False
307343279,Ophelie,Dredge,15,F,False,True,False,False
629176886,Gretel,Millwall,22,F,False,False,False,False
945719352,Rockie,Woolgar,94,M,False,True,True,False
082295594,Rochester,Domnin,78,M,False,True,False,False
253263716,Hollie,Joe,64,F,False,True,False,False
317198876,Pearl,Rosenbusch,39,F,False,True,False,False
226983429,Luelle,Shires,37,F,False,True,True,False
538106052,Beilul,Nouch,85,F,False,True,False,False
361569272,Manny,Braidman,16,M,False,True,False,False
041233066,Calida,Marchi,88,F,False,True,False,False
064143120,Truda,Gammell,74,F,False,True,False,False
224361218,Lennard,Brittain,85,M,True,True,False,False
037217625,Eugenio,Oxe,52,M,True,True,False,False
499680998,Latrina,Killough,8,F,False,True,False,False
109244481,Othelia,Churchlow,86,F,False,True,False,False
738638992,Randi,Pershouse,53,F,False,True,False,False
074118918,Barbabra,Ewbach,78,F,False,True,False,False
377955916,Brien,Callington,49,M,False,True,False,False
419290183,Ives,Leggis,61,M,False,True,False,False
510188404,Dmitri,Adelberg,71,M,False,True,False,False
942255942,Nanice,Barneveld,31,F,False,True,False,False
059442026,Myrtia,Feldharker,51,F,False,True,False,True
689600620,Corabel,Izkoveski,66,F,False,True,False,True
736460499,Roger,Eberdt,94,M,False,True,True,False
908261209,Royall,Proudlove,59,M,True,True,False,False
761440727,Wally,Mohammad,36,M,False,True,False,False
702125518,Dorthea,Huxster,57,F,True,True,False,False
769635230,Brewer,Oldam,38,M,True,True,False,False
896559039,Chaddie,Sauven,52,M,False,True,False,False
258570728,Wileen,Plumm,92,F,True,True,False,False
542867691,Paulette,Tomini,83,F,False,True,False,False
757466121,Allegra,Fairbeard,53,F,False,False,False,True
992027098,Vonnie,Fridlington,32,F,False,False,False,False
451198349,Hadrian,Mangeot,59,M,False,True,False,True
648531904,Hillary,Demanche,46,M,True,True,False,False
076649303,Cinderella,Lamswood,20,F,False,True,False,False
519455875,Paolina,Manass,81,F,True,True,False,False
017053141,Niel,Camellini,8,M,False,True,False,True
107643934,Shana,Maty,91,F,False,True,False,False
841997261,Dana,MacAllester,13,M,False,True,False,False
446676307,Hewie,Hannibal,56,M,False,True,False,False
082417382,Derrik,Gierke,43,M,False,True,False,False
685370592,Don,Laise,30,M,False,True,False,False
110329317,Nev,Soppitt,19,M,False,True,False,False
474897258,Kurt,Marchent,3,M,False,True,False,False
151337790,Konstantine,Molen,47,M,False,True,False,False
753755492,Tildy,Camacho,7,F,False,True,False,False
123891232,Constantine,Ackrill,17,M,False,False,False,False
772002251,Aindrea,Parrington,8,F,False,True,False,False
121906518,Garnet,Burnyate,31,F,False,True,False,False
233509023,Lindsay,Fiorentino,19,M,False,True,False,False
740305527,Wanids,Rowsell,34,F,False,True,False,True
414140994,Noella,De Freyne,62,F,False,True,False,False
362560539,Gerhardine,Haysman,30,F,False,True,False,False
334484447,Caria,Sculley,99,F,False,True,False,False
953181458,Corbie,Dispencer,10,M,False,True,True,False
795810213,Annora,Ingerfield,89,F,False,True,False,False
618804769,Sargent,Ghidini,20,M,False,True,False,False
546851456,Deloria,Strongman,29,F,False,False,False,False
295386696,Susy,MacMickan,36,F,False,True,False,False
763211583,Gannon,Delouch,10,M,False,True,True,False
127417889,Eadmund,Atmore,90,M,False,True,False,False
766621317,Christin,Flancinbaum,61,F,False,True,False,False
162755236,Averell,Vanni,65,M,True,True,False,False
969324369,Aveline,Mitcheson,20,F,False,True,False,False
664577783,Brittaney,Greggs,69,F,False,False,False,False
083141477,Whitaker,Fleet,40,M,False,True,False,False
477069338,Ramon,Walklate,30,M,True,True,False,False
335140275,Al,Amdohr,20,M,False,True,False,True
631608235,Ives,Minucci,31,M,True,True,False,False
673953729,Genevra,Aleso,72,F,False,True,False,False
257906108,Aldridge,O'Hagan,79,M,False,True,False,False
714033982,Hildagarde,Kettleson,83,F,False,True,False,False
669200336,Mora,Grigoryev,74,F,False,True,False,False
450010927,Barbara,Rispen,100,F,False,True,False,False
946701251,Link,Valenti,49,M,False,True,True,False
698691815,Brigham,Kilmister,67,M,False,True,False,False
093297857,Luciano,Burfield,31,M,False,True,False,True
554889753,Birk,Doumerque,50,M,False,True,False,False
839256938,Buffy,Ackery,89,F,False,True,False,False
611332898,Sandi,Bardill,1,F,False,True,False,False
008199233,Corbet,Aldie,8,M,False,True,False,False
992363042,Fairlie,Virgoe,65,M,True,True,False,False
008008881,Ann,Keynes,85,F,True,True,False,False
416324333,Sybilla,Rowen,100,F,False,True,False,False
839299750,Mervin,McCallion,93,M,False,True,False,False
390630134,Lenora,Simony,13,F,False,True,False,False
103390013,Franny,Ivashintsov,66,F,False,True,False,False
637695898,Nanette,Adolthine,58,F,False,True,False,False
455456983,Blake,Mitkov,80,M,False,True,False,False
353208888,Mariejeanne,Caplen,2,F,True,True,False,True
946566595,Ronny,Gerrish,91,M,False,True,False,False
788174390,Terrel,Wooding,19,M,False,True,True,True
629016306,Ramsay,Arguile,83,M,False,True,False,False
830308410,Armin,Gilloran,75,M,False,True,False,False
579388229,Nealson,Burley,24,M,False,True,False,False
881299919,Zora,Jeandet,20,F,False,True,False,False
481340698,Dame,Ericsson,18,M,False,True,False,False
751120007,Georgianne,Swaite,35,F,False,True,False,True
084770394,Burt,Atwater,25,M,False,True,False,False
147962253,Joan,Pietruschka,49,F,False,True,False,False
266251817,Free,Whife,15,M,False,True,False,False
462193709,Justin,Glasheen,83,M,False,True,False,False
308237725,Keelby,Rafferty,77,M,False,True,False,False
138448113,Carlynn,Gawke,7,F,False,True,False,False
317062677,Ahmed,Catlin,11,M,False,True,False,False
773779055,Rabbi,Collopy,45,M,False,True,False,False
577286627,Terencio,Connett,14,M,False,True,False,False
103456543,Lettie,McVee,57,F,False,True,False,False
496538125,Crystie,Hanbidge,72,F,False,True,False,False
356782544,Cathrine,Proom,99,F,False,True,False,False
164530606,Arther,Knok,78,M,False,True,False,True
279762356,Fabien,Senogles,37,M,False,True,False,False
133559325,Virgil,Novello,38,M,False,False,False,False
543554881,Llewellyn,Haill,5,M,False,True,True,False
363335743,Talyah,Obell,11,F,False,True,False,False
278156719,Rockwell,Tinner,54,M,False,True,False,False
809609581,Arnaldo,Bispham,72,M,False,True,False,False
412755209,Asia,Hirjak,20,F,False,True,True,False
572953899,Butch,Coniam,60,M,False,True,False,False
521571534,Leelah,Merkel,57,F,False,True,False,False
810764141,Antons,Droghan,16,M,False,True,False,False
467165525,Wallas,Madigan,29,M,False,True,True,False
863830905,Rodolph,Coper,33,M,False,True,False,False
828241283,Dionis,Pessolt,59,F,False,True,False,False
146741317,Frayda,Niven,32,F,False,True,False,False
999706595,Randy,Jury,68,M,False,True,False,False
022583101,Godiva,Leddie,89,F,False,True,False,False
302134472,Ingrim,Skeels,87,M,False,True,False,True
224434811,Terence,Kitney,72,M,False,True,False,False
753378542,Augustine,Bozworth,80,M,False,True,False,False
868416568,Hendrik,Zannotelli,76,M,False,True,True,False
646619050,Quintin,Whorf,96,M,False,True,False,False
297504056,Jeramey,McGill,30,M,False,True,False,False
461936937,Donni,Harnetty,80,F,False,True,False,False
972144775,Iona,Kaliszewski,56,F,False,True,False,False
579257689,Bradney,Otridge,47,M,False,True,False,False
600909294,Sheba,Hamflett,100,F,False,True,False,True
750412790,Karalee,Hicklingbottom,38,F,False,True,False,False
247335439,Mirna,Cromley,28,F,False,False,False,False
829443358,Zoe,Prestie,72,F,False,True,False,False
397697663,Dicky,Fairclough,85,M,False,True,False,False
382253812,Rubina,Gateman,20,F,False,True,True,False
868365136,Phip,Hawkey,65,M,False,True,False,False
744713455,Sarine,Devo,78,F,False,True,False,False
947463642,Kelvin,Baldam,21,M,False,True,False,False
301201894,Noll,Scoular,58,M,False,True,False,False
